<?xml version="1.0" encoding="UTF-8"?>
<!DOCTYPE mapper PUBLIC "-//mybatis.org//DTD Mapper3.0//EN" "http://mybatis.org/dtd/mybatis-3-mapper.dtd">

<mapper namespace="admin">

	<!-- admin_login -->

	<select id="AdminLogin" parameterType="HashMap" resultType="int">
		select count (*) from admin where adminid=#{adminid} and
		adminpass=#{adminpass}
	</select>

	<select id="countOfquestion" resultType="int">
		select count (*) from question
	</select>


	<!-- question board -->

	<select id="listOfQuestion" resultType="qdto">
		select * from question order by num desc
	</select>
	
	<select id="listByQuestion" parameterType="HashMap" resultType="qdto">
	<![CDATA[
	select a.* from (select ROWNUM as RNUM,b.* from 
	(select * from myboard order by ref desc,re_step asc)b)a 
	where a.RNUM>=#{start} and a.RNUM<=#{end}
]]>
	</select>

	<select id="insertOfQuestion" parameterType="qdto">
		insert into question values
		(seq_board.nextval,#{adminid},#{adminpass},#{subject},#{content},
		0,sysdate,#{division})
	</select>

	<update id="updateOfQuestion" parameterType="String">
		update question
		<set>
			<if test="subject!=null">subject=#{subject},</if>
			<if test="content!=null">content=#{content},</if>
			<if test="division!=null">division=#{division}</if>
		</set>
		where num=#{num}
	</update>

	<select id="onedataOfQuestion" parameterType="String" resultType="qdto">
		select * from question where num=#{num}
	</select>
	
	<delete id="deleteOfQuestion" parameterType="String">
		delete from question where num=#{num}
	</delete>
	
	
	
	<!-- notice board -->


	<select id="listOfNotice" resultType="ndto">
		select * from notice order by num desc
	</select>

	<select id="insertOfNotice" parameterType="ndto">
		insert into notice values
		(seq_board.nextval,#{adminid},#{subject},#{division},#{content},
		0,sysdate)
	</select>
	
	<select id="countOfNotice" resultType="int">
		select count (*) from notice
	</select>

	<update id="updateOfNotice" parameterType="String">
		update notice
		<set>
			<if test="subject!=null">subject=#{subject},</if>
			<if test="content!=null">content=#{content},</if>
			<if test="division!=null">division=#{division}</if>
		</set>
		where num=#{num}
	</update>

	<select id="onedataOfNotice" parameterType="String" resultType="ndto">
		select * from notice where num=#{num}
	</select>
	
	<delete id="deleteOfNotice" parameterType="String">
		delete from notice where num=#{num}
	</delete>
	
	<!-- inquiry  -->
   
   <select id="countOfInquiry" resultType="int">
       select count (*) from inquiry
   </select>
   
   <select id="listOfInquiry" resultType="idto" parameterType="HashMap">   
      <![CDATA[
          select a.* from (select ROWNUM as RNUM,b.* from
          (select * from inquiry order by ref desc,re_step asc)b)a
          where a.RNUM>=#{start} and a.RNUM<=#{end}
      ]]>
   </select>
 
   <select id="mylistOfInquiry" parameterType="String" resultType="idto">   
      select * from inquiry where qid = #{qid} and re_step=0 order by num desc
   </select>
   
   <select id="onedataOfInquiry" parameterType="String" resultType="idto">
      select * from inquiry where num=#{num}
   </select>
  
   <select id="myanswerOfInquiry" parameterType="HashMap" resultType="idto">
   		 select * from inquiry where qid=#{qid} and ref=#{ref}
   </select>
   
  <insert id="insertOfInquiry" parameterType="idto">
       insert into inquiry values (seq_board.nextval,#{qid},#{hp},#{email},#{inqcate},
         #{tchoice},#{subject},#{content},#{addfile},#{disposal},#{ref},#{re_step},#{re_level},#{adminid},sysdate)
   </insert>
   
   <select id="maxNumOfInquiry" resultType="int">
      select NVL(max(num),0) from inquiry

   </select>
   <update id="updateRestepOfInquiry" parameterType="HashMap">
 <![CDATA[
    update inquiry set re_step=re_step+1 where ref=#{ref} and re_step>#{re_step}
    
    ]]>
   </update>
<update id="updatedisposalOfInquiry" parameterType="int">
 <![CDATA[
    update inquiry set disposal='처리완료' where ref=#{ref}
    
    ]]>
</update>

    <!-- movie -->
    
    <select id="selectAllByMoive" resultType="mvdto">
        select * from movie order by movie_no asc
    </select>
     
 <!--    <select id="countOfMovie" resultType="int">
       select count (*) from movie
    </select>
     -->
     
    <insert id="insertOfMovie" parameterType="mvdto">
        insert into movie values (seq_movie.nextval,#{movie_name},#{genre},#{allow_age},
        #{runningtime},#{director},#{cast},#{film_company},#{synopsis},sysdate)
    </insert>
    
    
    
    
    
    
    
    <!-- reserve -->
     <select id="listOfReserve" resultType="rdto" parameterType="HashMap">   
      <![CDATA[
          select a.* from (select ROWNUM as RNUM,b.* from
          (select * from inquiry order by ref desc,re_step asc)b)a
          where a.RNUM>=#{start} and a.RNUM<=#{end}
      ]]>
   </select>
 
   <select id="mylistOfReserve" parameterType="String" resultType="rdto">   
      select * from inquiry where qid = #{qid} and re_step=0 order by num desc
   </select>
   
   <select id="onedataOfReserve" parameterType="String" resultType="rdto">
      select * from inquiry where num=#{num}
   </select>
  
   <select id="myanswerOfReserve" parameterType="HashMap" resultType="rdto">
   		 select * from inquiry where qid=#{qid} and ref=#{ref}
   </select>
   
  <insert id="insertOfReserve" parameterType="rdto">
       insert into inquiry values (seq_board.nextval,#{qid},#{hp},#{email},#{inqcate},
         #{tchoice},#{subject},#{content},#{addfile},#{disposal},#{ref},#{re_step},#{re_level},#{adminid},sysdate)
   </insert>
</mapper>



