<?xml version="1.0" encoding="UTF-8"?>
<!DOCTYPE mapper PUBLIC "-//mybatis.org//DTD Mapper3.0//EN" "http://mybatis.org/dtd/mybatis-3-mapper.dtd"> 

<mapper namespace="member">

 <select id="searchIdOfMember" parameterType="String" resultType="int">
      select count(*) from member where id=#{id}
   </select>
   
   <!-- 로그인SQL -->

 	<select id="loginSuccess" parameterType="HashMap" resultType="int">
      select count(*) from member where id=#{id} and password=#{password}
	</select>
   
	<select id="nameByMember" parameterType="String" resultType="String">
    	  select name from member where id=#{id}
	</select>

   <!-- 회원가입 -->
   <select id="selectOneOfMember" resultType="mdto" parameterType="String">
   		select * from member where id=#{id}
   </select>

<select id="addressOfZipcode" parameterType="String" resultType="zdto">
      select zipcode,sido,gugun,dong,nvl(ri,' ') ri,nvl(bunji,' ') bunji from zipcode
      where dong like#{dong}||'%'
   </select>

   <insert id="insertOfMember" parameterType="mdto">
      insert into member values (seq_cgv.nextval,#{id},#{password},#{question},#{answer},
      #{name},#{birthday},#{postcode},#{address},#{addrdetail},#{call},#{phone},#{email})
	</insert> 
	
 <update id="UpdateOfMember" parameterType="mdto">
      update member set password=#{password},question=#{question},answer=#{answer},name=#{name},birthday=#{birthday},
    postcode=#{postcode},address=#{address},addrdetail=#{addrdetail},call=#{call},phone=#{phone},email=#{email} where num=#{num}
   </update> 
   
	
   
	
</mapper>

