<?xml version="1.0" encoding="UTF-8"?>
<!DOCTYPE configuration PUBLIC "-//mybatis.org//DTD Config3.0//EN" "http://mybatis.org/dtd/mybatis-3-config.dtd">

<configuration>
	<typeAliases>
		<typeAlias type="mybatis.setting.memberDTO" alias="mdto"/>
		<typeAlias type="mybatis.setting.ZipcodeDTO" alias="zdto"/>
		<typeAlias type="mybatis.setting.questionDTO" alias="qdto"/>
		<typeAlias type="mybatis.setting.noticeDTO" alias="ndto"/>
		<typeAlias type="mybatis.setting.inquiryDTO" alias="idto"/>
		<typeAlias type="mybatis.setting.movieDTO" alias="mvdto"/>
		<typeAlias type="mybatis.setting.reserveDTO" alias="rdto"/>
	</typeAliases>
	<mappers>
		<mapper resource="mybatis/setting/memberSQL.xml"/>
		<mapper resource="mybatis/setting/adminSQL.xml"/>
	</mappers>
</configuration>