<?xml version="1.0" encoding="UTF-8"?>
<!DOCTYPE tiles-definitions PUBLIC "-//Apache Software Foundation//DTD Tiles Configuration 2.1//EN"
 "http://tiles.apache.org/dtds/tiles-config_2_1.dtd">
 <tiles-definitions>
 	<!-- Main -->
 	<definition name="main.tiles" template="/WEB-INF/layout/main/layout.jsp">
 		<put-attribute name="header" value="/WEB-INF/layout/main/header.jsp"/>
 		<put-attribute name="container" value="/WEB-INF/layout/main/container.jsp"/>
 		<put-attribute name="footer" value="/WEB-INF/layout/main/footer.jsp"/> 	
 		<put-attribute name="asidebanner" value="/WEB-INF/layout/main/asidebanner.jsp"/>		
 	</definition>
 	
 	<definition name="popLayout" template="/WEB-INF/layout/main/poplayout.jsp"/>
 	
 	<!-- Admin -->
 	<definition name="admin" template="/WEB-INF/layout/admin/layout.jsp">
 		<put-attribute name="a_header" value="/WEB-INF/layout/admin/header.jsp"/>
 		<put-attribute name="a_container" value="/WEB-INF/layout/admin/container.jsp"/>
 		<put-attribute name="footer" value="/WEB-INF/layout/main/footer.jsp"/> 		
 	</definition>
 	
 	<!-- customer -->
 	<definition name="customer.tiles" extends="main.tiles"> 		
 		<put-attribute name="container" value="/WEB-INF/customer/container.jsp"/> 		
 	</definition>
 	
 	<!-- vip -->
 	<definition name="vip.tiles" extends="main.tiles"> 		
 		<put-attribute name="container" value="/WEB-INF/vip/container.jsp"/> 		
 	</definition>
 	
 	<definition name="admin.tiles" extends="admin"> 	 	
 	</definition>
 		
 	<!-- 매크로 -->
 	<definition name="/main/*/*/*" extends="main.tiles">
	  <put-attribute name="container" value="/WEB-INF/{1}/{2}/{3}.jsp"></put-attribute>
 	</definition>
 	<definition name="/member/*" extends="main.tiles">
	  <put-attribute name="container" value="/WEB-INF/layout/member/{1}.jsp"></put-attribute>
 	</definition> 
 	<definition name="/admin/*" extends="admin.tiles">
	  <put-attribute name="a_container" value="/WEB-INF/admin/{1}.jsp"></put-attribute>
 	</definition>
 	<definition name="/customer/*" extends="customer.tiles">
	  <put-attribute name="container" value="/WEB-INF/customer/{1}.jsp"></put-attribute>
 	</definition>
 	<definition name="/vip/*" extends="vip.tiles">
	  <put-attribute name="container" value="/WEB-INF/vip/{1}.jsp"></put-attribute>
 	</definition>	
 	
	<definition name="/pop/*/*/*" extends="popLayout">
  		<put-attribute name="container" value="/WEB-INF/{1}/{2}/{3}.jsp"></put-attribute>
 	</definition> 
 	
 	
<!--  	<definition name="/movie/*/*" extends="movies.tiles">
	  <put-attribute name="body" value="/WEB-INF/{1}/{2}.jsp"></put-attribute>
 	</definition> -->
 	<!-- <definition name="/2/*/*" extends="sangLayout">
	  <put-attribute name="body" value="/WEB-INF/{1}/{2}.jsp"></put-attribute>
 	</definition>
 	<definition name="/pop/*/*" extends="popLayout">
	  <put-attribute name="body" value="/WEB-INF/{1}/{2}.jsp"></put-attribute>
 	</definition> -->
 	
 </tiles-definitions> 
 