<?xml version="1.0" encoding="UTF-8"?>
<beans xmlns="http://www.springframework.org/schema/beans"
	xmlns:xsi="http://www.w3.org/2001/XMLSchema-instance"
	xsi:schemaLocation="http://www.springframework.org/schema/beans http://www.springframework.org/schema/beans/spring-beans-3.2.xsd">

	

	<!-- 오라클 서버 설정  -->
	<bean class="org.springframework.beans.factory.config.PropertyPlaceholderConfigurer">
		<property name="locations">
			<value>WEB-INF/oraserver.properties</value>
		</property>
	</bean>
	
	
	<bean id="dataSource"
		class="org.springframework.jdbc.datasource.SimpleDriverDataSource">
		<property name="driverClass" value="${DRIVER}"></property>
		<property name="url" value="${URL}"></property>
		<property name="username" value="${USERNAME}"></property>
		<property name="password" value="${PASSWORD}"></property>
	</bean>
	
	<bean id="sqlSessionFactory"
	class="org.mybatis.spring.SqlSessionFactoryBean">
	<property name="dataSource" ref="dataSource"></property>
	<property name="configLocation"
	value="classpath:mybatis/setting/SqlMapConfig.xml"></property>
	</bean>

	<bean id="sqlSessionTemplate"
		class="org.mybatis.spring.SqlSessionTemplate">
		<constructor-arg ref="sqlSessionFactory"></constructor-arg>	
	</bean>

	<!-- dao 설정 -->
	<bean id="memDao" class="mybatis.setting.memberDAO">
		<property name="sqlSessionTemplate" ref="sqlSessionTemplate"></property>
	</bean> 
	<bean id="adDao" class="mybatis.setting.adminDAO">
		<property name="sqlSessionTemplate" ref="sqlSessionTemplate"></property>
	</bean>
	<bean id="qDao" class="mybatis.setting.questionDAO">
		<property name="sqlSessionTemplate" ref="sqlSessionTemplate"></property>
	</bean>
	<bean id="nDao" class="mybatis.setting.noticeDAO">
		<property name="sqlSessionTemplate" ref="sqlSessionTemplate"></property>
	</bean>
	<bean id="iDao" class="mybatis.setting.inquiryDAO">
			<property name="sqlSessionTemplate" ref="sqlSessionTemplate"></property>
	</bean>
	<bean id="rDao" class="mybatis.setting.reserveDAO">
		<property name="sqlSessionTemplate" ref="sqlSessionTemplate"></property>
	</bean>
	
	
	<bean id="mvDao" class="mybatis.setting.movieDAO">
			<property name="sqlSessionTemplate" ref="sqlSessionTemplate"></property>
	</bean>

</beans>





