<?xml version="1.0" encoding="UTF-8"?>
<beans xmlns="http://www.springframework.org/schema/beans"
	xmlns:xsi="http://www.w3.org/2001/XMLSchema-instance" xmlns:context="http://www.springframework.org/schema/context"
	xsi:schemaLocation="http://www.springframework.org/schema/beans http://www.springframework.org/schema/beans/spring-beans-3.2.xsd
		http://www.springframework.org/schema/context http://www.springframework.org/schema/context/spring-context-3.2.xsd">
	<!-- controller -->
	<bean class="controller.mycgv.ProfileController">
		<property name="memDao" ref="memDao"></property>
		<property name="inqDao" ref="iDao"></property>
	</bean>
	
	<bean class="controller.mycgv.nicknameController">
		<property name="memDao" ref="memDao"></property>
	</bean>
	
	<!-- file-upload -->
	<bean id="multipartResolver"
	class="org.springframework.web.multipart.commons.CommonsMultipartResolver">
		<property name="maxUploadSize" value="5242880"></property><!-- 5mb -->
	
	</bean>
	<!-- Resolver -->

	<bean id="tilesConfigurer"
		class="org.springframework.web.servlet.view.tiles2.TilesConfigurer">
		<property name="definitions">
			<list>
				<value>/WEB-INF/tiles/deftiles.xml</value>
			</list>
		</property>
		<property name="preparerFactoryClass"
			value="org.springframework.web.servlet.view.tiles2.SpringBeanPreparerFactory" />
	</bean>

	<bean id="viewResolver"
		class="org.springframework.web.servlet.view.UrlBasedViewResolver">
		<property name="viewClass"
			value="org.springframework.web.servlet.view.tiles2.TilesView" />
	</bean>

</beans>
