<?xml version="1.0" encoding="UTF-8"?>
<beans xmlns="http://www.springframework.org/schema/beans"
	xmlns:xsi="http://www.w3.org/2001/XMLSchema-instance"
	xmlns:context="http://www.springframework.org/schema/context"
	xsi:schemaLocation="http://www.springframework.org/schema/beans http://www.springframework.org/schema/beans/spring-beans-3.2.xsd
		http://www.springframework.org/schema/context http://www.springframework.org/schema/context/spring-context-3.2.xsd">

 
	<!-- Admin_controller -->		
		<bean class="controller.admin.AdminController">			
		</bean>
		<bean class="controller.admin.loginController">
			<property name="adDao" ref="adDao"></property>
		</bean>
		<bean class="controller.admin.questionController">
			<property name="qDao" ref="qDao"></property>
		</bean> 
		<bean class="controller.admin.noticeController">
			<property name="nDao" ref="nDao"></property>
		</bean>
		<bean class="controller.admin.inquiryController">
			<property name="iDao" ref="iDao"></property>
		</bean>
		<bean class="controller.admin.MovieController">
		    <property name="mvDao" ref="mvDao"></property>
		</bean>
		<bean class="controller.admin.reserveController">
			<property name="rDao" ref="rDao"></property>
		</bean>
		
	 	
<!-- Resolver -->

<bean id="tilesConfigurer" class="org.springframework.web.servlet.view.tiles2.TilesConfigurer">
  <property name="definitions">
   <list>
    <value>/WEB-INF/tiles/deftiles.xml</value>
   </list>
  </property>
  <property name="preparerFactoryClass" value="org.springframework.web.servlet.view.tiles2.SpringBeanPreparerFactory" />
 </bean>  
 
 <bean id="viewResolver" class="org.springframework.web.servlet.view.UrlBasedViewResolver">
  <property name="viewClass" value="org.springframework.web.servlet.view.tiles2.TilesView" />
 </bean> 

</beans>
